255.1,333.4
255.09,333.4
255.08,333.41
255.07,333.42
255.07,333.42
255.06,333.43
255.05,333.44
255.05,333.44
255.04,333.45
255.03,333.46
255.02,333.47
255.02,333.47
255.01,333.48
255,333.49
255,333.49
254.99,333.5
254.98,333.51
254.97,333.51
254.97,333.52
254.96,333.53
254.95,333.53
254.94,333.54
254.94,333.55
254.93,333.56
254.92,333.56
254.92,333.57
254.91,333.58
254.9,333.58
254.89,333.59
254.89,333.6
254.88,333.6
254.87,333.61
254.87,333.62
254.86,333.63
254.85,333.63
254.84,333.64
254.84,333.65
254.83,333.65
254.82,333.66
254.82,333.67
254.81,333.67
254.8,333.68
254.79,333.69
254.79,333.69
254.78,333.7
254.77,333.71
254.77,333.72
254.76,333.72
254.75,333.73
254.74,333.74
254.74,333.74
254.73,333.75
254.72,333.76
254.71,333.76
254.71,333.77
254.7,333.78
254.69,333.79
254.69,333.79
254.68,333.8
254.67,333.81
254.66,333.81
254.66,333.82
254.65,333.83
254.64,333.83
254.64,333.84
254.63,333.85
254.62,333.85
254.61,333.86
254.61,333.87
254.6,333.88
254.59,333.88
254.59,333.89
254.58,333.9
254.57,333.9
254.56,333.91
254.56,333.92
254.55,333.92
254.54,333.93
254.54,333.94
254.53,333.95
254.52,333.95
254.51,333.96
254.51,333.97
254.5,333.97
254.49,333.98
254.49,333.99
254.48,333.99
254.47,334
254.46,334.01
254.46,334.02
254.45,334.02
254.44,334.03
254.44,334.04
254.43,334.04
254.42,334.05
254.41,334.06
254.41,334.06
254.4,334.07
254.39,334.08
254.39,334.09
254.38,334.09
254.37,334.1
254.36,334.11
254.36,334.11
254.35,334.12
254.34,334.13
254.34,334.13
254.33,334.14
254.32,334.15
254.31,334.16
254.31,334.16
254.3,334.17
254.29,334.18
254.29,334.18
254.28,334.19
254.27,334.2
254.26,334.21
254.26,334.21
254.25,334.22
254.24,334.23
254.24,334.23
254.23,334.24
254.22,334.25
254.22,334.25
254.21,334.26
254.2,334.27
254.19,334.28
254.19,334.28
254.18,334.29
254.17,334.3
254.17,334.3
254.16,334.31
254.15,334.32
254.14,334.33
254.14,334.33
254.13,334.34
254.12,334.35
254.12,334.35
254.11,334.36
254.1,334.37
254.1,334.38
254.09,334.38
254.08,334.39
254.07,334.4
254.07,334.4
254.06,334.41
254.05,334.42
254.05,334.43
254.04,334.43
254.03,334.44
254.03,334.45
254.02,334.45
254.01,334.46
254,334.47
254,334.48
253.99,334.48
253.98,334.49
253.98,334.5
253.97,334.5
253.96,334.51
253.96,334.52
253.95,334.53
253.94,334.53
253.93,334.54
253.93,334.55
253.92,334.55
253.91,334.56
253.91,334.57
253.9,334.58
253.89,334.58
253.89,334.59
253.88,334.6
253.87,334.6
253.86,334.61
253.86,334.62
253.85,334.63
253.84,334.63
253.84,334.64
253.83,334.65
253.82,334.65
253.82,334.66
253.81,334.67
253.8,334.68
253.8,334.68
253.79,334.69
253.78,334.7
253.77,334.71
253.77,334.71
253.76,334.72
253.75,334.73
253.75,334.73
253.74,334.74
253.73,334.75
253.73,334.76
253.72,334.76
253.71,334.77
253.71,334.78
253.7,334.78
253.69,334.79
253.69,334.8
253.68,334.81
253.67,334.81
253.66,334.82
253.66,334.83
253.65,334.84
253.64,334.84
253.64,334.85
253.63,334.86
253.62,334.86
253.62,334.87
253.61,334.88
253.6,334.89
253.6,334.89
253.59,334.9
253.58,334.91
253.58,334.92
253.57,334.92
253.56,334.93
253.56,334.94
253.55,334.95
253.54,334.95
253.54,334.96
253.53,334.97
253.52,334.97
253.51,334.98
253.51,334.99
253.5,335
253.49,335
253.49,335.01
253.48,335.02
253.47,335.03
253.47,335.03
253.46,335.04
253.45,335.05
253.45,335.06
253.44,335.06
253.43,335.07
253.43,335.08
253.42,335.09
253.41,335.09
253.41,335.1
253.4,335.11
253.39,335.12
253.39,335.12
253.38,335.13
253.37,335.14
253.37,335.15
253.36,335.15
253.35,335.16
253.35,335.17
253.34,335.18
253.33,335.18
253.33,335.19
253.32,335.2
253.31,335.21
253.31,335.21
253.3,335.22
253.29,335.23
253.29,335.24
253.28,335.24
253.28,335.25
253.27,335.26
253.26,335.27
253.26,335.27
253.25,335.28
253.24,335.29
253.24,335.3
253.23,335.3
253.22,335.31
253.22,335.32
253.21,335.33
253.2,335.33
253.2,335.34
253.19,335.35
253.18,335.36
253.18,335.36
253.17,335.37
253.16,335.38
253.16,335.39
253.15,335.4
253.15,335.4
253.14,335.41
253.13,335.42
253.13,335.43
253.12,335.43
253.11,335.44
253.11,335.45
253.1,335.46
253.09,335.46
253.09,335.47
253.08,335.48
253.08,335.49
253.07,335.5
253.06,335.5
253.06,335.51
253.05,335.52
253.04,335.53
253.04,335.53
253.03,335.54
253.03,335.55
253.02,335.56
253.01,335.57
253.01,335.57
253,335.58
252.99,335.59
252.99,335.6
252.98,335.61
252.98,335.61
252.97,335.62
252.96,335.63
252.96,335.64
252.95,335.64
252.95,335.65
252.94,335.66
252.93,335.67
252.93,335.68
252.92,335.68
252.91,335.69
252.91,335.7
252.9,335.71
252.9,335.72
252.89,335.72
252.88,335.73
252.88,335.74
252.87,335.75
252.87,335.76
252.86,335.76
252.85,335.77
252.85,335.78
252.84,335.79
252.84,335.8
252.83,335.8
252.82,335.81
252.82,335.82
252.81,335.83
252.81,335.84
252.8,335.84
252.79,335.85
252.79,335.86
252.78,335.87
252.78,335.88
252.77,335.88
252.77,335.89
252.76,335.9
252.75,335.91
252.75,335.92
252.74,335.92
252.74,335.93
252.73,335.94
252.72,335.95
252.72,335.96
252.71,335.97
252.71,335.97
252.7,335.98
252.7,335.99
252.69,336
252.68,336.01
252.68,336.01
252.67,336.02
252.67,336.03
252.66,336.04
252.66,336.05
252.65,336.06
252.64,336.06
252.64,336.07
252.63,336.08
252.63,336.09
252.62,336.1
252.62,336.11
252.61,336.11
252.6,336.12
252.6,336.13
252.59,336.14
252.59,336.15
252.58,336.15
252.58,336.16
252.57,336.17
252.56,336.18
252.56,336.19
252.55,336.2
252.55,336.2
252.54,336.21
252.54,336.22
252.53,336.23
252.53,336.24
252.52,336.25
252.52,336.25
252.51,336.26
252.5,336.27
252.5,336.28
252.49,336.29
252.49,336.3
252.48,336.3
252.48,336.31
252.47,336.32
252.47,336.33
252.46,336.34
252.46,336.35
252.45,336.36
252.44,336.36
252.44,336.37
252.43,336.38
252.43,336.39
252.42,336.4
252.42,336.41
252.41,336.41
252.41,336.42
252.4,336.43
252.4,336.44
252.39,336.45
252.39,336.46
252.38,336.47
252.38,336.47
252.37,336.48
252.36,336.49
252.36,336.5
252.35,336.51
252.35,336.52
252.34,336.52
252.34,336.53
252.33,336.54
252.33,336.55
252.32,336.56
252.32,336.57
252.31,336.58
252.31,336.58
252.3,336.59
252.3,336.6
252.29,336.61
252.29,336.62
252.28,336.63
252.28,336.64
252.27,336.64
252.27,336.65
252.26,336.66
252.26,336.67
252.25,336.68
252.25,336.69
252.24,336.7
252.24,336.71
252.23,336.71
252.23,336.72
252.22,336.73
252.22,336.74
252.21,336.75
252.21,336.76
252.2,336.77
252.2,336.77
252.19,336.78
252.19,336.79
252.18,336.8
252.18,336.81
252.17,336.82
252.17,336.83
252.16,336.84
252.16,336.84
252.15,336.85
252.15,336.86
252.14,336.87
252.14,336.88
252.13,336.89
252.13,336.9
252.12,336.9
252.12,336.91
252.11,336.92
252.11,336.93
252.1,336.94
252.1,336.95
252.09,336.96
252.09,336.97
252.08,336.97
252.08,336.98
252.07,336.99
252.07,337
252.06,337.01
252.06,337.02
252.05,337.03
252.05,337.04
252.04,337.04
252.04,337.05
252.03,337.06
252.03,337.07
252.02,337.08
252.02,337.09
252.01,337.1
252.01,337.11
252,337.11
252,337.12
251.99,337.13
251.99,337.14
251.99,337.15
251.98,337.16
251.98,337.17
251.97,337.18
251.97,337.18
251.96,337.19
251.96,337.2
251.95,337.21
251.95,337.22
251.94,337.23
251.94,337.24
251.93,337.25
251.93,337.25
251.92,337.26
251.92,337.27
251.91,337.28
251.91,337.29
251.9,337.3
251.9,337.31
251.89,337.32
251.89,337.32
251.88,337.33
251.88,337.34
251.87,337.35
251.87,337.36
251.87,337.37
251.86,337.38
251.86,337.39
251.85,337.39
251.85,337.4
251.84,337.41
251.84,337.42
251.83,337.43
251.83,337.44
251.82,337.45
251.82,337.46
251.81,337.46
251.81,337.47
251.8,337.48
251.8,337.49
251.79,337.5
251.79,337.51
251.78,337.52
251.78,337.53
251.77,337.54
251.77,337.54
251.76,337.55
251.76,337.56
251.75,337.57
251.75,337.58
251.75,337.59
251.74,337.6
251.74,337.61
251.73,337.61
251.73,337.62
251.72,337.63
251.72,337.64
251.71,337.65
251.71,337.66
251.7,337.67
251.7,337.68
251.69,337.68
251.69,337.69
251.68,337.7
251.68,337.71
251.67,337.72
251.67,337.73
251.66,337.74
251.66,337.75
251.65,337.75
251.65,337.76
251.64,337.77
251.64,337.78
251.63,337.79
251.63,337.8
251.62,337.81
251.62,337.82
251.61,337.82
251.61,337.83
251.6,337.84
251.6,337.85
251.59,337.86
251.59,337.87
251.58,337.88
251.58,337.88
251.57,337.89
251.57,337.9
251.56,337.91
251.56,337.92
251.55,337.93
251.55,337.94
251.54,337.95
251.54,337.95
251.53,337.96
251.53,337.97
251.52,337.98
251.52,337.99
251.51,338
251.51,338.01
251.5,338.01
251.5,338.02
251.49,338.03
251.49,338.04
251.48,338.05
251.48,338.06
251.47,338.07
251.47,338.07
251.46,338.08
251.46,338.09
251.45,338.1
251.45,338.11
251.44,338.12
251.44,338.13
251.43,338.14
251.43,338.14
251.42,338.15
251.42,338.16
251.41,338.17
251.41,338.18
251.4,338.19
251.4,338.19
251.39,338.2
251.39,338.21
251.38,338.22
251.38,338.23
251.37,338.24
251.37,338.25
251.36,338.25
251.35,338.26
251.35,338.27
251.34,338.28
251.34,338.29
251.33,338.3
251.33,338.31
251.32,338.31
251.32,338.32
251.31,338.33
251.31,338.34
251.3,338.35
251.3,338.36
251.29,338.36
251.29,338.37
251.28,338.38
251.27,338.39
251.27,338.4
251.26,338.41
251.26,338.41
251.25,338.42
251.25,338.43
251.24,338.44
251.24,338.45
251.23,338.46
251.22,338.46
251.22,338.47
251.21,338.48
251.21,338.49
251.2,338.5
251.2,338.51
251.19,338.51
251.19,338.52
251.18,338.53
251.17,338.54
251.17,338.55
251.16,338.56
251.16,338.56
251.15,338.57
251.15,338.58
251.14,338.59
251.13,338.6
251.13,338.6
251.12,338.61
251.12,338.62
251.11,338.63
251.11,338.64
251.1,338.65
251.09,338.65
251.09,338.66
251.08,338.67
251.08,338.68
251.07,338.69
251.06,338.69
251.06,338.7
251.05,338.71
251.05,338.72
251.04,338.73
251.04,338.73
251.03,338.74
251.02,338.75
251.02,338.76
251.01,338.77
251.01,338.77
251,338.78
250.99,338.79
250.99,338.8
250.98,338.81
250.98,338.81
250.97,338.82
250.96,338.83
250.96,338.84
250.95,338.85
250.94,338.85
250.94,338.86
250.93,338.87
250.93,338.88
250.92,338.89
250.91,338.89
250.91,338.9
250.9,338.91
250.9,338.92
250.89,338.93
250.88,338.93
250.88,338.94
250.87,338.95
250.86,338.96
250.86,338.96
250.85,338.97
250.85,338.98
250.84,338.99
250.83,339
250.83,339
250.82,339.01
250.81,339.02
250.81,339.03
250.8,339.03
250.79,339.04
250.79,339.05
250.78,339.06
250.78,339.06
250.77,339.07
250.76,339.08
250.76,339.09
250.75,339.1
250.74,339.1
250.74,339.11
250.73,339.12
250.72,339.13
250.72,339.13
250.71,339.14
250.7,339.15
250.7,339.16
250.69,339.16
250.68,339.17
250.68,339.18
250.67,339.19
250.66,339.19
250.66,339.2
250.65,339.21
250.65,339.22
250.64,339.22
250.63,339.23
250.63,339.24
250.62,339.25
250.61,339.25
250.61,339.26
250.6,339.27
250.59,339.28
250.59,339.28
250.58,339.29
250.57,339.3
250.57,339.31
250.56,339.31
250.55,339.32
250.54,339.33
250.54,339.34
250.53,339.34
250.52,339.35
250.52,339.36
250.51,339.36
250.5,339.37
250.5,339.38
250.49,339.39
250.48,339.39
250.48,339.4
250.47,339.41
250.46,339.42
250.46,339.42
250.45,339.43
250.44,339.44
250.44,339.45
250.43,339.45
250.42,339.46
250.42,339.47
250.41,339.47
250.4,339.48
250.39,339.49
250.39,339.5
250.38,339.5
250.37,339.51
250.37,339.52
250.36,339.52
250.35,339.53
250.35,339.54
250.34,339.55
250.33,339.55
250.32,339.56
250.32,339.57
250.31,339.57
250.3,339.58
250.3,339.59
250.29,339.6
250.28,339.6
250.28,339.61
250.27,339.62
250.26,339.62
250.25,339.63
250.25,339.64
250.24,339.65
250.23,339.65
250.23,339.66
250.22,339.67
250.21,339.67
250.2,339.68
250.2,339.69
250.19,339.69
250.18,339.7
250.18,339.71
250.17,339.72
250.16,339.72
250.15,339.73
250.15,339.74
250.14,339.74
250.13,339.75
250.13,339.76
250.12,339.76
250.11,339.77
250.1,339.78
250.1,339.78
250.09,339.79
250.08,339.8
250.07,339.81
250.07,339.81
250.06,339.82
250.05,339.83
250.05,339.83
250.04,339.84
250.03,339.85
250.02,339.85
250.02,339.86
250.01,339.87
250,339.87
249.99,339.88
249.99,339.89
249.98,339.89
249.97,339.9
249.97,339.91
249.96,339.91
249.95,339.92
249.94,339.93
249.94,339.94
249.93,339.94
249.92,339.95
249.91,339.96
249.91,339.96
249.9,339.97
249.89,339.98
249.88,339.98
249.88,339.99
249.87,340
249.86,340
249.86,340.01
249.85,340.02
249.84,340.02
249.83,340.03
249.83,340.04
249.82,340.04
249.81,340.05
249.8,340.06
249.8,340.06
249.79,340.07
249.78,340.08
249.77,340.08
249.77,340.09
249.76,340.1
249.75,340.1
249.74,340.11
249.74,340.12
249.73,340.12
249.72,340.13
249.71,340.14
249.71,340.14
249.7,340.15
249.69,340.16
249.68,340.16
249.68,340.17
249.67,340.18
249.66,340.18
249.66,340.19
249.65,340.2
249.64,340.2
249.63,340.21
249.63,340.22
249.62,340.22
249.61,340.23
249.6,340.24
249.6,340.24
249.59,340.25
249.58,340.26
249.57,340.26
249.57,340.27
249.56,340.28
249.55,340.28
249.54,340.29
249.54,340.3
249.53,340.3
249.52,340.31
249.51,340.32
249.51,340.32
249.5,340.33
249.49,340.34
249.48,340.34
249.48,340.35
249.47,340.36
249.46,340.36
249.45,340.37
249.45,340.38
249.44,340.38
249.43,340.39
249.42,340.4
249.42,340.41
249.41,340.41
249.4,340.42
249.4,340.43
249.39,340.43
249.38,340.44
249.37,340.45
249.37,340.45
249.36,340.46
249.35,340.47
249.34,340.47
249.34,340.48
249.33,340.49
249.32,340.49
249.31,340.5
249.31,340.51
249.3,340.51
249.29,340.52
249.28,340.53
249.28,340.53
249.27,340.54
249.26,340.55
249.26,340.55
249.25,340.56
249.24,340.57
249.23,340.57
249.23,340.58
249.22,340.59
249.21,340.59
249.2,340.6
249.2,340.61
249.19,340.61
249.18,340.62
249.17,340.63
249.17,340.64
249.16,340.64
249.15,340.65
249.15,340.66
249.14,340.66
249.13,340.67
249.12,340.68
249.12,340.68
249.11,340.69
249.1,340.7
249.09,340.7
249.09,340.71
249.08,340.72
249.07,340.72
249.07,340.73
249.06,340.74
249.05,340.75
249.04,340.75
249.04,340.76
249.03,340.77
249.02,340.77
249.02,340.78
249.01,340.79
249,340.79
248.99,340.8
248.99,340.81
248.98,340.82
248.97,340.82
248.97,340.83
248.96,340.84
248.95,340.84
248.94,340.85
248.94,340.86
248.93,340.86
248.92,340.87
248.92,340.88
248.91,340.89
248.9,340.89
248.9,340.9
248.89,340.91
248.88,340.91
248.87,340.92
248.87,340.93
248.86,340.94
248.85,340.94
248.85,340.95
248.84,340.96
248.83,340.97
248.83,340.97
248.82,340.98
248.81,340.99
248.8,340.99
248.8,341
248.79,341.01
248.78,341.02
248.78,341.02
248.77,341.03
248.76,341.04
248.76,341.05
248.75,341.05
248.74,341.06
248.74,341.07
248.73,341.08
248.72,341.08
248.72,341.09
248.71,341.1
248.7,341.1
248.7,341.11
248.69,341.12
248.68,341.13
248.68,341.14
248.67,341.14
248.66,341.15
248.66,341.16
248.65,341.17
248.64,341.17
248.64,341.18
248.63,341.19
248.63,341.2
248.62,341.2
248.61,341.21
248.61,341.22
248.6,341.23
248.59,341.23
248.59,341.24
248.58,341.25
248.58,341.26
248.57,341.27
248.56,341.27
248.56,341.28
248.55,341.29
248.54,341.3
248.54,341.31
248.53,341.31
248.53,341.32
248.52,341.33
248.51,341.34
248.51,341.35
248.5,341.35
248.5,341.36
248.49,341.37
248.48,341.38
248.48,341.39
248.47,341.39
248.47,341.4
248.46,341.41
248.46,341.42
248.45,341.43
248.44,341.43
248.44,341.44
248.43,341.45
248.43,341.46
248.42,341.47
248.42,341.48
248.41,341.48
248.41,341.49
248.4,341.5
248.39,341.51
248.39,341.52
248.38,341.53
248.38,341.54
248.37,341.54
248.37,341.55
248.36,341.56
248.36,341.57
248.35,341.58
248.35,341.59
248.34,341.6
248.34,341.6
248.33,341.61
248.33,341.62
248.32,341.63
248.32,341.64
248.32,341.65
248.31,341.66
248.31,341.67
248.3,341.68
248.3,341.68
248.29,341.69
248.29,341.7
248.28,341.71
248.28,341.72
248.28,341.73
248.27,341.74
248.27,341.75
248.26,341.76
248.26,341.77
248.26,341.78
248.25,341.78
248.25,341.79
248.24,341.8
248.24,341.81
248.24,341.82
248.23,341.83
248.23,341.84
248.23,341.85
248.22,341.86
248.22,341.87
248.22,341.88
248.21,341.89
248.21,341.9
248.21,341.91
248.2,341.92
248.2,341.93
248.2,341.93
248.19,341.94
248.19,341.95
248.19,341.96
248.19,341.97
248.18,341.98
248.18,341.99
248.18,342
248.18,342.01
248.17,342.02
248.17,342.03
248.17,342.04
248.17,342.05
248.17,342.06
248.16,342.07
248.16,342.08
248.16,342.09
248.16,342.1
248.16,342.11
248.15,342.12
248.15,342.13
248.15,342.14
248.15,342.15
248.15,342.16
248.15,342.17
248.15,342.18
248.15,342.19
248.14,342.2
248.14,342.21
248.14,342.22
248.14,342.23
248.14,342.24
248.14,342.25
248.14,342.26
248.14,342.27
248.14,342.28
248.14,342.29
248.14,342.3
248.14,342.31
248.14,342.32
248.14,342.33
248.14,342.34
248.14,342.35
248.14,342.36
248.14,342.37
248.14,342.38
248.14,342.39
248.14,342.4
248.14,342.41
248.14,342.42
248.14,342.43
248.14,342.44
248.14,342.45
248.14,342.46
248.15,342.47
248.15,342.48
248.15,342.49
248.15,342.5
248.15,342.51
248.15,342.52
248.15,342.53
248.15,342.54
248.16,342.55
248.16,342.56
248.16,342.57
248.16,342.58
248.16,342.59
248.16,342.6
248.17,342.61
248.17,342.62
248.17,342.63
248.17,342.64
248.17,342.65
248.18,342.66
248.18,342.67
248.18,342.68
248.18,342.69
248.19,342.7
248.19,342.7
248.19,342.71
248.19,342.72
248.2,342.73
248.2,342.74
248.2,342.75
248.2,342.76
248.21,342.77
248.21,342.78
248.21,342.79
248.22,342.8
248.22,342.81
248.22,342.82
248.22,342.83
248.23,342.84
248.23,342.85
248.23,342.86
248.24,342.87
248.24,342.88
248.24,342.89
248.25,342.9
248.25,342.91
248.25,342.91
248.26,342.92
248.26,342.93
248.26,342.94
248.27,342.95
248.27,342.96
248.28,342.97
248.28,342.98
248.28,342.99
248.29,343
248.29,343.01
248.29,343.02
248.3,343.03
248.3,343.04
248.31,343.04
248.31,343.05
248.31,343.06
248.32,343.07
248.32,343.08
248.33,343.09
248.33,343.1
248.34,343.11
248.34,343.12
248.34,343.13
248.35,343.14
248.35,343.14
248.36,343.15
248.36,343.16
248.37,343.17
248.37,343.18
248.37,343.19
248.38,343.2
248.38,343.21
248.39,343.22
248.39,343.22
248.4,343.23
248.4,343.24
248.41,343.25
248.41,343.26
248.42,343.27
248.42,343.28
248.43,343.29
248.43,343.3
248.44,343.3
248.44,343.31
248.45,343.32
248.45,343.33
248.45,343.34
248.46,343.35
248.46,343.36
248.47,343.36
248.47,343.37
248.48,343.38
248.48,343.39
248.49,343.4
248.5,343.41
248.5,343.42
248.51,343.43
248.51,343.43
248.52,343.44
248.52,343.45
248.53,343.46
248.53,343.47
248.54,343.48
248.54,343.48
248.55,343.49
248.55,343.5
248.56,343.51
248.56,343.52
248.57,343.53
248.57,343.54
248.58,343.54
248.58,343.55
248.59,343.56
248.6,343.57
248.6,343.58
248.61,343.59
248.61,343.59
248.62,343.6
248.62,343.61
248.63,343.62
248.63,343.63
248.64,343.64
248.65,343.64
248.65,343.65
248.66,343.66
248.66,343.67
248.67,343.68
248.67,343.69
248.68,343.69
248.69,343.7
248.69,343.71
248.7,343.72
248.7,343.73
248.71,343.73
248.71,343.74
248.72,343.75
248.73,343.76
248.73,343.77
248.74,343.78
248.74,343.78
248.75,343.79
248.75,343.8
248.76,343.81
248.77,343.82
248.77,343.82
248.78,343.83
248.78,343.84
248.79,343.85
248.8,343.86
248.8,343.86
248.81,343.87
248.81,343.88
248.82,343.89
248.83,343.9
248.83,343.9
248.84,343.91
248.84,343.92
248.85,343.93
248.86,343.94
248.86,343.94
248.87,343.95
248.87,343.96
248.88,343.97
248.89,343.98
248.89,343.98
248.9,343.99
248.9,344
248.91,344.01
248.92,344.02
248.92,344.02
248.93,344.03
248.93,344.04
248.94,344.05
248.95,344.06
248.95,344.06
248.96,344.07
248.97,344.08
248.97,344.09
248.98,344.09
248.98,344.1
248.99,344.11
249,344.12
249,344.13
249.01,344.13
249.02,344.14
249.02,344.15
249.03,344.16
249.03,344.17
249.04,344.17
249.05,344.18
249.05,344.19
249.06,344.2
249.07,344.2
249.07,344.21
249.08,344.22
249.08,344.23
249.09,344.24
249.1,344.24
249.1,344.25
249.11,344.26
249.12,344.27
249.12,344.27
249.13,344.28
249.13,344.29
249.14,344.3
249.15,344.31
249.15,344.31
249.16,344.32
249.17,344.33
249.17,344.34
249.18,344.34
249.18,344.35
249.19,344.36
249.2,344.37
249.2,344.38
249.21,344.38
249.22,344.39
249.22,344.4
249.23,344.41
249.24,344.41
249.24,344.42
249.25,344.43
249.25,344.44
249.26,344.44
249.27,344.45
249.27,344.46
249.28,344.47
249.29,344.48
249.29,344.48
249.3,344.49
249.31,344.5
249.31,344.51
249.32,344.51
249.32,344.52
249.33,344.53
249.34,344.54
249.34,344.55
249.35,344.55
249.36,344.56
249.36,344.57
249.37,344.58
249.38,344.58
249.38,344.59
249.39,344.6
249.39,344.61
249.4,344.61
249.41,344.62
249.41,344.63
249.42,344.64
249.43,344.64
249.43,344.65
249.44,344.66
249.45,344.67
249.45,344.68
249.46,344.68
249.47,344.69
249.47,344.7
249.48,344.71
249.48,344.71
249.49,344.72
249.5,344.73
249.5,344.74
249.51,344.74
249.52,344.75
249.52,344.76
249.53,344.77
249.54,344.77
249.54,344.78
249.55,344.79
249.56,344.8
249.56,344.8
249.57,344.81
249.58,344.82
249.58,344.83
249.59,344.84
249.6,344.84
249.6,344.85
249.61,344.86
249.62,344.87
249.62,344.87
249.63,344.88
249.63,344.89
249.64,344.9
249.65,344.9
249.65,344.91
249.66,344.92
249.67,344.93
249.67,344.93
249.68,344.94
249.69,344.95
249.69,344.96
249.7,344.96
249.71,344.97
249.71,344.98
249.72,344.99
249.73,344.99
249.73,345
249.74,345.01
249.75,345.02
249.75,345.02
249.76,345.03
249.77,345.04
249.77,345.05
249.78,345.05
249.79,345.06
249.79,345.07
249.8,345.08
249.81,345.08
249.81,345.09
249.82,345.1
249.83,345.11
249.83,345.11
249.84,345.12
249.85,345.13
249.85,345.14
249.86,345.14
249.87,345.15
249.87,345.16
249.88,345.17
249.89,345.17
249.89,345.18
249.9,345.19
249.91,345.2
249.91,345.2
249.92,345.21
249.93,345.22
249.93,345.23
249.94,345.23
249.95,345.24
249.95,345.25
249.96,345.26
249.97,345.26
249.97,345.27
249.98,345.28
249.98,345.29
249.99,345.29
250,345.3
250,345.31
250.01,345.32
250.02,345.32
250.02,345.33
250.03,345.34
250.04,345.35
250.04,345.35
250.05,345.36
250.06,345.37
250.06,345.38
250.07,345.38
250.08,345.39
250.08,345.4
250.09,345.41
250.1,345.41
250.1,345.42
250.11,345.43
250.12,345.44
250.12,345.44
250.13,345.45
250.14,345.46
250.14,345.47
250.15,345.48
250.15,345.48
250.16,345.49
250.17,345.5
250.17,345.51
250.18,345.51
250.19,345.52
250.19,345.53
250.2,345.54
250.21,345.54
250.21,345.55
250.22,345.56
250.23,345.57
250.23,345.57
250.24,345.58
250.25,345.59
250.25,345.6
250.26,345.61
250.26,345.61
250.27,345.62
250.28,345.63
250.28,345.64
250.29,345.64
250.3,345.65
250.3,345.66
250.31,345.67
250.32,345.67
250.32,345.68
250.33,345.69
250.33,345.7
250.34,345.71
250.35,345.71
250.35,345.72
250.36,345.73
250.37,345.74
250.37,345.74
250.38,345.75
250.38,345.76
250.39,345.77
250.4,345.78
250.4,345.78
250.41,345.79
250.42,345.8
250.42,345.81
250.43,345.81
250.44,345.82
250.44,345.83
250.45,345.84
250.45,345.85
250.46,345.85
250.47,345.86
250.47,345.87
250.48,345.88
250.49,345.88
250.49,345.89
250.5,345.9
250.5,345.91
250.51,345.91
250.52,345.92
250.52,345.93
250.53,345.94
250.54,345.95
250.54,345.95
250.55,345.96
250.55,345.97
250.56,345.98
250.57,345.98
250.57,345.99
250.58,346
250.59,346.01
250.59,346.02
250.6,346.02
250.61,346.03
250.61,346.04
250.62,346.05
250.62,346.05
250.63,346.06
250.64,346.07
250.64,346.08
250.65,346.09
250.66,346.09
250.66,346.1
250.67,346.11
250.68,346.12
250.68,346.12
250.69,346.13
250.7,346.14
250.7,346.15
250.71,346.15
250.71,346.16
250.72,346.17
250.73,346.18
250.73,346.18
250.74,346.19
250.75,346.2
250.75,346.21
250.76,346.22
250.77,346.22
250.77,346.23
250.78,346.24
250.79,346.25
250.79,346.25
250.8,346.26
250.81,346.27
250.81,346.28
250.82,346.28
250.83,346.29
250.83,346.3
250.84,346.31
250.85,346.31
250.85,346.32
250.86,346.33
250.87,346.34
250.87,346.34
250.88,346.35
250.89,346.36
250.89,346.36
250.9,346.37
250.91,346.38
250.91,346.39
250.92,346.39
250.93,346.4
250.93,346.41
250.94,346.42
250.95,346.42
250.95,346.43
250.96,346.44
250.97,346.45
250.97,346.45
250.98,346.46
250.99,346.47
251,346.47
251,346.48
251.01,346.49
251.02,346.5
251.02,346.5
251.03,346.51
251.04,346.52
251.04,346.52
251.05,346.53
251.06,346.54
251.07,346.55
251.07,346.55
251.08,346.56
251.09,346.57
251.09,346.57
251.1,346.58
251.11,346.59
251.11,346.6
251.12,346.6
251.13,346.61
251.14,346.62
251.14,346.62
251.15,346.63
251.16,346.64
251.16,346.64
251.17,346.65
251.18,346.66
251.19,346.66
251.19,346.67
251.2,346.68
251.21,346.69
251.22,346.69
251.22,346.7
251.23,346.71
251.24,346.71
251.24,346.72
251.25,346.73
251.26,346.73
251.27,346.74
251.27,346.75
251.28,346.75
251.29,346.76
251.3,346.77
251.3,346.77
251.31,346.78
251.32,346.79
251.33,346.79
251.33,346.8
251.34,346.81
251.35,346.81
251.36,346.82
251.36,346.83
251.37,346.83
251.38,346.84
251.39,346.85
251.39,346.85
251.4,346.86
251.41,346.87
251.42,346.87
251.42,346.88
251.43,346.89
251.44,346.89
251.45,346.9
251.45,346.91
251.46,346.91
251.47,346.92
251.48,346.92
251.48,346.93
251.49,346.94
251.5,346.94
251.51,346.95
251.52,346.96
251.52,346.96
251.53,346.97
251.54,346.98
251.55,346.98
251.55,346.99
251.56,346.99
251.57,347
251.58,347.01
251.59,347.01
251.59,347.02
251.6,347.03
251.61,347.03
251.62,347.04
251.62,347.05
251.63,347.05
251.64,347.06
251.65,347.06
251.66,347.07
251.66,347.08
251.67,347.08
251.68,347.09
251.69,347.09
251.69,347.1
251.7,347.11
251.71,347.11
251.72,347.12
251.73,347.13
251.73,347.13
251.74,347.14
251.75,347.14
251.76,347.15
251.77,347.16
251.77,347.16
251.78,347.17
251.79,347.17
251.8,347.18
251.81,347.19
251.81,347.19
251.82,347.2
251.83,347.2
251.84,347.21
251.85,347.22
251.85,347.22
251.86,347.23
251.87,347.23
251.88,347.24
251.89,347.24
251.89,347.25
251.9,347.26
251.91,347.26
251.92,347.27
251.93,347.27
251.94,347.28
251.94,347.29
251.95,347.29
251.96,347.3
251.97,347.3
251.98,347.31
251.98,347.31
251.99,347.32
252,347.33
252.01,347.33
252.02,347.34
252.02,347.34
252.03,347.35
252.04,347.36
252.05,347.36
252.06,347.37
252.07,347.37
252.07,347.38
252.08,347.38
252.09,347.39
252.1,347.4
252.11,347.4
252.12,347.41
252.12,347.41
252.13,347.42
252.14,347.42
252.15,347.43
252.16,347.44
252.16,347.44
252.17,347.45
252.18,347.45
252.19,347.46
252.2,347.46
252.21,347.47
252.21,347.47
252.22,347.48
252.23,347.49
252.24,347.49
252.25,347.5
252.26,347.5
252.26,347.51
252.27,347.51
252.28,347.52
252.29,347.52
252.3,347.53
252.31,347.54
252.31,347.54
252.32,347.55
252.33,347.55
252.34,347.56
252.35,347.56
252.36,347.57
252.36,347.57
252.37,347.58
252.38,347.59
252.39,347.59
252.4,347.6
252.41,347.6
252.41,347.61
252.42,347.61
252.43,347.62
252.44,347.62
252.45,347.63
252.46,347.63
252.46,347.64
252.47,347.65
252.48,347.65
252.49,347.66
252.5,347.66
252.51,347.67
252.51,347.67
252.52,347.68
252.53,347.68
252.54,347.69
252.55,347.69
252.56,347.7
252.57,347.71
252.57,347.71
252.58,347.72
252.59,347.72
252.6,347.73
252.61,347.73
252.62,347.74
252.62,347.74
252.63,347.75
252.64,347.75
252.65,347.76
252.66,347.76
252.67,347.77
252.67,347.77
252.68,347.78
252.69,347.79
252.7,347.79
252.71,347.8
252.72,347.8
252.73,347.81
252.73,347.81
252.74,347.82
252.75,347.82
252.76,347.83
252.77,347.83
252.78,347.84
252.79,347.84
252.79,347.85
252.8,347.85
252.81,347.86
252.82,347.87
252.83,347.87
252.84,347.88
252.84,347.88
252.85,347.89
252.86,347.89
252.87,347.9
252.88,347.9
252.89,347.91
252.9,347.91
252.9,347.92
252.91,347.92
252.92,347.93
252.93,347.93
252.94,347.94
252.95,347.94
252.96,347.95
252.96,347.95
252.97,347.96
252.98,347.96
252.99,347.97
253,347.98
253.01,347.98
253.01,347.99
253.02,347.99
253.03,348
253.04,348
253.05,348.01
253.06,348.01
253.07,348.02
253.07,348.02
253.08,348.03
253.09,348.03
253.1,348.04
253.11,348.04
253.12,348.05
253.13,348.05
253.13,348.06
253.14,348.06
253.15,348.07
253.16,348.07
253.17,348.08
253.18,348.09
253.19,348.09
253.19,348.1
253.2,348.1
253.21,348.11
253.22,348.11
253.23,348.12
253.24,348.12
253.25,348.13
253.25,348.13
253.26,348.14
253.27,348.14
253.28,348.15
253.29,348.15
253.3,348.16
253.3,348.16
253.31,348.17
253.32,348.17
253.33,348.18
253.34,348.18
253.35,348.19
253.36,348.19
253.36,348.2
253.37,348.2
253.38,348.21
253.39,348.22
253.4,348.22
253.41,348.23
253.42,348.23
253.42,348.24
253.43,348.24
253.44,348.25
253.45,348.25
253.46,348.26
253.47,348.26
253.48,348.27
253.48,348.27
253.49,348.28
253.5,348.28
253.51,348.29
253.52,348.29
253.53,348.3
253.54,348.3
253.54,348.31
253.55,348.31
253.56,348.32
253.57,348.32
253.58,348.33
253.59,348.33
253.6,348.34
253.6,348.35
253.61,348.35
253.62,348.36
253.63,348.36
253.64,348.37
253.65,348.37
253.65,348.38
253.66,348.38
253.67,348.39
253.68,348.39
253.69,348.4
253.7,348.4
253.71,348.41
253.71,348.41
253.72,348.42
253.73,348.42
253.74,348.43
253.75,348.43
253.76,348.44
253.77,348.44
253.77,348.45
253.78,348.46
253.79,348.46
253.8,348.47
253.81,348.47
253.82,348.48
253.83,348.48
253.83,348.49
253.84,348.49
253.85,348.5
253.86,348.5
253.87,348.51
253.88,348.51
253.88,348.52
253.89,348.52
253.9,348.53
253.91,348.53
253.92,348.54
253.93,348.54
253.94,348.55
253.94,348.56
253.95,348.56
253.96,348.57
253.97,348.57
253.98,348.58
253.99,348.58
253.99,348.59
254,348.59
254.01,348.6
254.02,348.6
254.03,348.61
254.04,348.61
254.05,348.62
254.05,348.62
254.06,348.63
254.07,348.64
254.08,348.64
254.09,348.65
254.1,348.65
254.1,348.66
254.11,348.66
254.12,348.67
254.13,348.67
254.14,348.68
254.15,348.68
254.16,348.69
254.16,348.69
254.17,348.7
254.18,348.71
254.19,348.71
254.2,348.72
254.21,348.72
254.21,348.73
254.22,348.73
254.23,348.74
254.24,348.74
254.25,348.75
254.26,348.75
254.26,348.76
254.27,348.77
254.28,348.77
254.29,348.78
254.3,348.78
254.31,348.79
254.31,348.79
254.32,348.8
254.33,348.8
254.34,348.81
254.35,348.81
254.36,348.82
254.36,348.83
254.37,348.83
254.38,348.84
254.39,348.84
254.4,348.85
254.41,348.85
254.41,348.86
254.42,348.86
254.43,348.87
254.44,348.88
254.45,348.88
254.46,348.89
254.46,348.89
254.47,348.9
254.48,348.9
254.49,348.91
254.5,348.91
254.51,348.92
254.51,348.93
254.52,348.93
254.53,348.94
254.54,348.94
254.55,348.95
254.56,348.95
254.56,348.96
254.57,348.97
254.58,348.97
254.59,348.98
254.6,348.98
254.61,348.99
254.61,348.99
254.62,349
254.63,349.01
254.64,349.01
254.65,349.02
254.65,349.02
254.66,349.03
254.67,349.03
254.68,349.04
254.69,349.05
254.7,349.05
254.7,349.06
254.71,349.06
254.72,349.07
254.73,349.07
254.74,349.08
254.74,349.09
254.75,349.09
254.76,349.1
254.77,349.1
254.78,349.11
254.78,349.12
254.79,349.12
254.8,349.13
254.81,349.13
254.82,349.14
254.82,349.14
254.83,349.15
254.84,349.16
254.85,349.16
254.86,349.17
254.86,349.17
254.87,349.18
254.88,349.19
254.89,349.19
254.9,349.2
254.9,349.2
254.91,349.21
254.92,349.22
254.93,349.22
254.94,349.23
254.94,349.23
254.95,349.24
254.96,349.25
254.97,349.25
254.98,349.26
254.98,349.27
254.99,349.27
255,349.28
255.01,349.28
255.02,349.29
255.02,349.3
255.03,349.3
255.04,349.31
255.05,349.31
255.06,349.32
255.06,349.33
255.07,349.33
255.08,349.34
255.09,349.35
255.09,349.35
255.1,349.36
255.11,349.36
255.12,349.37
255.13,349.38
255.13,349.38
255.14,349.39
255.15,349.4
255.16,349.4
255.16,349.41
255.17,349.42
255.18,349.42
255.19,349.43
255.19,349.43
255.2,349.44
255.21,349.45
255.22,349.45
255.23,349.46
255.23,349.47
255.24,349.47
255.25,349.48
255.26,349.49
255.26,349.49
255.27,349.5
255.28,349.51
255.29,349.51
255.29,349.52
255.3,349.53
255.31,349.53
255.32,349.54
255.32,349.55
255.33,349.55
255.34,349.56
255.35,349.57
255.35,349.57
255.36,349.58
255.37,349.59
255.38,349.59
255.38,349.6
255.39,349.61
255.4,349.61
255.41,349.62
255.41,349.63
255.42,349.63
255.43,349.64
255.43,349.65
255.44,349.65
255.45,349.66
255.46,349.67
255.46,349.67
255.47,349.68
255.48,349.69
255.48,349.7
255.49,349.7
255.5,349.71
255.51,349.72
255.51,349.72
255.52,349.73
255.53,349.74
255.53,349.74
255.54,349.75
255.55,349.76
255.56,349.77
255.56,349.77
255.57,349.78
255.58,349.79
255.58,349.79
255.59,349.8
255.6,349.81
255.6,349.82
255.61,349.82
255.62,349.83
255.62,349.84
255.63,349.85
255.64,349.85
255.64,349.86
255.65,349.87
255.66,349.88
255.66,349.88
255.67,349.89
255.68,349.9
255.68,349.91
255.69,349.91
255.7,349.92
255.7,349.93
255.71,349.94
255.72,349.94
255.72,349.95
255.73,349.96
255.74,349.97
255.74,349.97
255.75,349.98
255.75,349.99
255.76,350
255.77,350.01
255.77,350.01
255.78,350.02
255.79,350.03
255.79,350.04
255.8,350.05
255.8,350.05
255.81,350.06
255.81,350.07
255.82,350.08
255.83,350.09
255.83,350.09
255.84,350.1
255.84,350.11
255.85,350.12
255.85,350.13
255.86,350.14
255.87,350.14
255.87,350.15
255.88,350.16
255.88,350.17
255.89,350.18
255.89,350.19
255.9,350.19
255.9,350.2
255.91,350.21
255.91,350.22
255.92,350.23
255.92,350.24
255.93,350.25
255.93,350.26
255.94,350.26
255.94,350.27
255.95,350.28
255.95,350.29
255.96,350.3
255.96,350.31
255.97,350.32
255.97,350.33
255.97,350.34
255.98,350.34
255.98,350.35
255.99,350.36
255.99,350.37
255.99,350.38
256,350.39
256,350.4
256.01,350.41
256.01,350.42
256.01,350.43
256.02,350.44
256.02,350.45
256.02,350.46
256.03,350.47
256.03,350.48
256.03,350.48
256.04,350.49
256.04,350.5
256.04,350.51
256.04,350.52
256.05,350.53
256.05,350.54
256.05,350.55
256.05,350.56
256.06,350.57
256.06,350.58
256.06,350.59
256.06,350.6
256.06,350.61
256.07,350.62
256.07,350.63
256.07,350.64
256.07,350.65
256.07,350.66
256.07,350.67
256.07,350.68
256.08,350.69
256.08,350.7
256.08,350.71
256.08,350.72
256.08,350.73
256.08,350.74
256.08,350.75
256.08,350.76
256.08,350.77
256.08,350.78
256.08,350.79
256.08,350.8
256.08,350.81
256.08,350.82
256.08,350.83
256.08,350.84
256.08,350.85
256.08,350.86
256.08,350.87
256.08,350.88
256.08,350.89
256.08,350.9
256.08,350.91
256.07,350.92
256.07,350.93
256.07,350.94
256.07,350.95
256.07,350.96
256.07,350.97
256.07,350.98
256.06,350.99
256.06,351
256.06,351.01
256.06,351.02
256.06,351.03
256.05,351.04
256.05,351.05
256.05,351.06
256.05,351.07
256.05,351.08
256.04,351.09
256.04,351.1
256.04,351.11
256.03,351.12
256.03,351.12
256.03,351.13
256.03,351.14
256.02,351.15
256.02,351.16
256.02,351.17
256.01,351.18
256.01,351.19
256.01,351.2
256,351.21
256,351.22
256,351.23
255.99,351.24
255.99,351.25
255.98,351.26
255.98,351.27
255.98,351.27
255.97,351.28
255.97,351.29
255.96,351.3
255.96,351.31
255.96,351.32
255.95,351.33
255.95,351.34
255.94,351.35
255.94,351.36
255.93,351.37
255.93,351.37
255.93,351.38
255.92,351.39
255.92,351.4
255.91,351.41
255.91,351.42
255.9,351.43
255.9,351.44
255.89,351.44
255.89,351.45
255.88,351.46
255.88,351.47
255.87,351.48
255.87,351.49
255.86,351.5
255.86,351.5
255.85,351.51
255.84,351.52
255.84,351.53
255.83,351.54
255.83,351.55
255.82,351.55
255.82,351.56
255.81,351.57
255.81,351.58
255.8,351.59
255.79,351.6
255.79,351.6
255.78,351.61
255.78,351.62
255.77,351.63
255.77,351.64
255.76,351.64
255.75,351.65
255.75,351.66
255.74,351.67
255.74,351.68
255.73,351.68
255.72,351.69
255.72,351.7
255.71,351.71
255.7,351.72
255.7,351.72
255.69,351.73
255.69,351.74
255.68,351.75
255.67,351.76
255.67,351.76
255.66,351.77
255.65,351.78
255.65,351.79
255.64,351.79
255.64,351.8
255.63,351.81
255.62,351.82
255.62,351.82
255.61,351.83
255.6,351.84
255.6,351.85
255.59,351.85
255.58,351.86
255.58,351.87
255.57,351.88
255.56,351.88
255.56,351.89
255.55,351.9
255.54,351.91
255.54,351.91
255.53,351.92
255.52,351.93
255.52,351.94
255.51,351.94
255.5,351.95
255.49,351.96
255.49,351.96
255.48,351.97
255.47,351.98
255.47,351.99
255.46,351.99
255.45,352
255.45,352.01
255.44,352.01
255.43,352.02
255.43,352.03
255.42,352.04
255.41,352.04
255.4,352.05
255.4,352.06
255.39,352.06
255.38,352.07
255.38,352.08
255.37,352.09
255.36,352.09
255.35,352.1
255.35,352.11
255.34,352.11
255.33,352.12
255.32,352.13
255.32,352.13
255.31,352.14
255.3,352.15
255.3,352.15
255.29,352.16
255.28,352.17
255.27,352.17
255.27,352.18
255.26,352.19
255.25,352.19
255.24,352.2
255.24,352.21
255.23,352.21
255.22,352.22
255.21,352.23
255.21,352.23
255.2,352.24
255.19,352.25
255.18,352.25
255.18,352.26
255.17,352.27
255.16,352.27
255.15,352.28
255.15,352.29
255.14,352.29
255.13,352.3
255.12,352.31
255.12,352.31
255.11,352.32
255.1,352.33
255.09,352.33
255.09,352.34
255.08,352.35
255.07,352.35
255.06,352.36
255.05,352.36
255.05,352.37
255.04,352.38
255.03,352.38
255.02,352.39
255.02,352.4
255.01,352.4
255,352.41
254.99,352.41
254.98,352.42
254.98,352.43
254.97,352.43
254.96,352.44
254.95,352.45
254.95,352.45
254.94,352.46
254.93,352.46
254.92,352.47
254.91,352.48
254.91,352.48
254.9,352.49
254.89,352.5
254.88,352.5
254.87,352.51
254.87,352.51
254.86,352.52
254.85,352.53
254.84,352.53
254.83,352.54
254.83,352.54
254.82,352.55
254.81,352.56
254.8,352.56
254.79,352.57
254.79,352.57
254.78,352.58
254.77,352.59
254.76,352.59
254.75,352.6
254.75,352.6
254.74,352.61
254.73,352.62
254.72,352.62
254.71,352.63
254.71,352.63
254.7,352.64
254.69,352.65
254.68,352.65
254.67,352.66
254.67,352.66
254.66,352.67
254.65,352.67
254.64,352.68
254.63,352.69
254.63,352.69
254.62,352.7
254.61,352.7
254.6,352.71
254.59,352.72
254.58,352.72
254.58,352.73
254.57,352.73
254.56,352.74
254.55,352.74
254.54,352.75
254.54,352.76
254.53,352.76
254.52,352.77
254.51,352.77
254.5,352.78
254.49,352.78
254.49,352.79
254.48,352.8
254.47,352.8
254.46,352.81
254.45,352.81
254.45,352.82
254.44,352.82
254.43,352.83
254.42,352.84
254.41,352.84
254.4,352.85
254.4,352.85
254.39,352.86
254.38,352.86
254.37,352.87
254.36,352.87
254.35,352.88
254.35,352.89
254.34,352.89
254.33,352.9
254.32,352.9
254.31,352.91
254.3,352.91
254.3,352.92
254.29,352.92
254.28,352.93
254.27,352.94
254.26,352.94
254.25,352.95
254.25,352.95
254.24,352.96
254.23,352.96
254.22,352.97
254.21,352.97
254.2,352.98
254.2,352.98
254.19,352.99
254.18,353
254.17,353
254.16,353.01
254.15,353.01
254.14,353.02
254.14,353.02
254.13,353.03
254.12,353.03
254.11,353.04
254.1,353.04
254.09,353.05
254.09,353.05
254.08,353.06
254.07,353.07
254.06,353.07
254.05,353.08
254.04,353.08
254.04,353.09
254.03,353.09
254.02,353.1
254.01,353.1
254,353.11
253.99,353.11
253.98,353.12
253.98,353.12
253.97,353.13
253.96,353.13
253.95,353.14
253.94,353.15
253.93,353.15
253.93,353.16
253.92,353.16
253.91,353.17
253.9,353.17
253.89,353.18
253.88,353.18
253.87,353.19
253.87,353.19
253.86,353.2
253.85,353.2
253.84,353.21
253.83,353.21
253.82,353.22
253.82,353.23
253.81,353.23
253.8,353.24
253.79,353.24
253.78,353.25
253.77,353.25
253.76,353.26
253.76,353.26
253.75,353.27
253.74,353.27
253.73,353.28
253.72,353.28
253.71,353.29
253.7,353.29
253.7,353.3
253.69,353.3
253.68,353.31
253.67,353.31
253.66,353.32
253.65,353.33
253.65,353.33
253.64,353.34
253.63,353.34
253.62,353.35
253.61,353.35
253.6,353.36
253.59,353.36
253.59,353.37
253.58,353.37
253.57,353.38
253.56,353.38
253.55,353.39
253.54,353.39
253.54,353.4
253.53,353.41
253.52,353.41
253.51,353.42
253.5,353.42
253.49,353.43
253.48,353.43
253.48,353.44
253.47,353.44
253.46,353.45
253.45,353.45
253.44,353.46
253.43,353.46
253.43,353.47
253.42,353.47
253.41,353.48
253.4,353.49
253.39,353.49
253.38,353.5
253.37,353.5
253.37,353.51
253.36,353.51
253.35,353.52
253.34,353.52
253.33,353.53
253.32,353.53
253.32,353.54
253.31,353.54
253.3,353.55
253.29,353.56
253.28,353.56
253.27,353.57
253.26,353.57
253.26,353.58
253.25,353.58
253.24,353.59
253.23,353.59
253.22,353.6
253.21,353.6
253.21,353.61
253.2,353.61
253.19,353.62
253.18,353.63
253.17,353.63
253.16,353.64
253.16,353.64
253.15,353.65
253.14,353.65
253.13,353.66
253.12,353.66
253.11,353.67
253.11,353.68
253.1,353.68
253.09,353.69
253.08,353.69
253.07,353.7
253.06,353.7
253.06,353.71
253.05,353.71
253.04,353.72
253.03,353.73
253.02,353.73
253.01,353.74
253.01,353.74
253,353.75
252.99,353.75
252.98,353.76
252.97,353.76
252.97,353.77
252.96,353.78
252.95,353.78
252.94,353.79
252.93,353.79
252.92,353.8
252.92,353.8
252.91,353.81
252.9,353.82
252.89,353.82
252.88,353.83
252.87,353.83
252.87,353.84
252.86,353.84
252.85,353.85
252.84,353.86
252.83,353.86
252.83,353.87
252.82,353.87
252.81,353.88
252.8,353.89
252.79,353.89
252.79,353.9
252.78,353.9
252.77,353.91
252.76,353.91
252.75,353.92
252.75,353.93
252.74,353.93
252.73,353.94
252.72,353.94
252.71,353.95
252.7,353.96
252.7,353.96
252.69,353.97
252.68,353.97
252.67,353.98
252.66,353.99
252.66,353.99
252.65,354
252.64,354
252.63,354.01
252.63,354.02
252.62,354.02
252.61,354.03
252.6,354.04
252.59,354.04
252.59,354.05
252.58,354.05
252.57,354.06
252.56,354.07
252.55,354.07
252.55,354.08
252.54,354.09
252.53,354.09
252.52,354.1
252.52,354.1
252.51,354.11
252.5,354.12
252.49,354.12
252.48,354.13
252.48,354.14
252.47,354.14
252.46,354.15
252.45,354.15
252.45,354.16
252.44,354.17
252.43,354.17
252.42,354.18
252.42,354.19
252.41,354.19
252.4,354.2
252.39,354.21
252.38,354.21
252.38,354.22
252.37,354.23
252.36,354.23
252.35,354.24
252.35,354.25
252.34,354.25
252.33,354.26
252.32,354.27
252.32,354.27
252.31,354.28
252.3,354.29
252.29,354.29
252.29,354.3
252.28,354.31
252.27,354.31
252.27,354.32
252.26,354.33
252.25,354.33
252.24,354.34
252.24,354.35
252.23,354.35
252.22,354.36
252.21,354.37
252.21,354.37
252.2,354.38
252.19,354.39
252.19,354.39
252.18,354.4
252.17,354.41
252.16,354.42
252.16,354.42
252.15,354.43
252.14,354.44
252.14,354.44
252.13,354.45
252.12,354.46
252.11,354.46
252.11,354.47
252.1,354.48
252.09,354.49
252.09,354.49
252.08,354.5
252.07,354.51
252.06,354.51
252.06,354.52
252.05,354.53
252.04,354.54
252.04,354.54
252.03,354.55
252.02,354.56
252.02,354.57
252.01,354.57
252,354.58
252,354.59
251.99,354.59
251.98,354.6
251.98,354.61
251.97,354.62
251.96,354.62
251.96,354.63
251.95,354.64
251.94,354.65
251.94,354.65
251.93,354.66
251.92,354.67
251.92,354.68
251.91,354.68
251.9,354.69
251.9,354.7
251.89,354.71
251.88,354.71
251.88,354.72
251.87,354.73
251.86,354.74
251.86,354.74
251.85,354.75
251.84,354.76
251.84,354.77
251.83,354.78
251.83,354.78
251.82,354.79
251.81,354.8
251.81,354.81
251.8,354.81
251.79,354.82
251.79,354.83
251.78,354.84
251.77,354.85
251.77,354.85
251.76,354.86
251.76,354.87
251.75,354.88
251.74,354.88
251.74,354.89
251.73,354.9
251.73,354.91
251.72,354.92
251.71,354.92
251.71,354.93
251.7,354.94
251.7,354.95
251.69,354.96
251.68,354.96
251.68,354.97
251.67,354.98
251.67,354.99
251.66,355
251.65,355
251.65,355.01
251.64,355.02
251.64,355.03
251.63,355.04
251.62,355.04
251.62,355.05
251.61,355.06
251.61,355.07
251.6,355.08
251.6,355.09
251.59,355.09
251.58,355.1
251.58,355.11
251.57,355.12
251.57,355.13
251.56,355.13
251.55,355.14
251.55,355.15
251.54,355.16
251.54,355.17
251.53,355.18
251.53,355.18
251.52,355.19
251.52,355.2
251.51,355.21
251.5,355.22
251.5,355.23
251.49,355.23
251.49,355.24
251.48,355.25
251.48,355.26
251.47,355.27
251.46,355.27
251.46,355.28
251.45,355.29
251.45,355.3
251.44,355.31
251.44,355.32
251.43,355.33
251.43,355.33
251.42,355.34
251.42,355.35
251.41,355.36
251.4,355.37
251.4,355.38
251.39,355.38
251.39,355.39
251.38,355.4
251.38,355.41
251.37,355.42
251.37,355.43
251.36,355.43
251.36,355.44
251.35,355.45
251.35,355.46
251.34,355.47
251.33,355.48
251.33,355.48
251.32,355.49
251.32,355.5
251.31,355.51
251.31,355.52
251.3,355.53
251.3,355.54
251.29,355.54
251.29,355.55
251.28,355.56
251.28,355.57
251.27,355.58
251.27,355.59
251.26,355.59
251.25,355.6
251.25,355.61
251.24,355.62
251.24,355.63
251.23,355.64
251.23,355.65
251.22,355.65
251.22,355.66
251.21,355.67
251.21,355.68
251.2,355.69
251.2,355.7
251.19,355.71
251.19,355.71
251.18,355.72
251.18,355.73
251.17,355.74
251.16,355.75
251.16,355.76
251.15,355.76
251.15,355.77
251.14,355.78
251.14,355.79
251.13,355.8
251.13,355.81
251.12,355.82
251.12,355.82
251.11,355.83
251.11,355.84
251.1,355.85
251.1,355.86
251.09,355.87
251.09,355.88
251.08,355.88
251.08,355.89
251.07,355.9
251.06,355.91
251.06,355.92
251.05,355.93
251.05,355.93
251.04,355.94
251.04,355.95
251.03,355.96
251.03,355.97
251.02,355.98
251.02,355.99
251.01,355.99
251.01,356
251,356.01
251,356.02
250.99,356.03
250.98,356.04
250.98,356.04
250.97,356.05
250.97,356.06
250.96,356.07
250.96,356.08
250.95,356.09
250.95,356.1
250.94,356.1
250.94,356.11
250.93,356.12
250.93,356.13
250.92,356.14
250.91,356.15
250.91,356.15
250.9,356.16
250.9,356.17
250.89,356.18
250.89,356.19
250.88,356.2
250.88,356.2
250.87,356.21
250.87,356.22
250.86,356.23
250.85,356.24
250.85,356.25
250.84,356.25
250.84,356.26
250.83,356.27
250.83,356.28
250.82,356.29
250.82,356.3
250.81,356.3
250.81,356.31
250.8,356.32
250.79,356.33
250.79,356.34
250.78,356.35
250.78,356.35
250.77,356.36
250.77,356.37
250.76,356.38
250.76,356.39
250.75,356.4
250.74,356.4
250.74,356.41
250.73,356.42
250.73,356.43
250.72,356.44
250.72,356.45
250.71,356.45
250.7,356.46
250.7,356.47
250.69,356.48
250.69,356.49
250.68,356.5
250.68,356.5
250.67,356.51
250.66,356.52
250.66,356.53
250.65,356.54
250.65,356.54
250.64,356.55
250.64,356.56
250.63,356.57
250.62,356.58
250.62,356.59
250.61,356.59
250.61,356.6
250.6,356.61
250.6,356.62
250.59,356.63
250.58,356.63
250.58,356.64
250.57,356.65
250.57,356.66
250.56,356.67
250.56,356.68
250.55,356.68
250.54,356.69
250.54,356.7
250.53,356.71
250.53,356.72
250.52,356.72
250.51,356.73
250.51,356.74
250.5,356.75
250.5,356.76
250.49,356.76
250.48,356.77
250.48,356.78
250.47,356.79
250.47,356.8
250.46,356.8
250.45,356.81
250.45,356.82
250.44,356.83
250.44,356.84
250.43,356.84
250.42,356.85
250.42,356.86
250.41,356.87
250.41,356.88
250.4,356.88
250.39,356.89
250.39,356.9
250.38,356.91
250.37,356.91
250.37,356.92
250.36,356.93
250.36,356.94
250.35,356.95
250.34,356.95
250.34,356.96
250.33,356.97
250.32,356.98
250.32,356.99
250.31,356.99
250.31,357
250.3,357.01
250.29,357.02
250.29,357.02
250.28,357.03
250.27,357.04
250.27,357.05
250.26,357.05
250.26,357.06
250.25,357.07
250.24,357.08
250.24,357.09
250.23,357.09
250.22,357.1
250.22,357.11
250.21,357.12
250.2,357.12
250.2,357.13
250.19,357.14
250.19,357.15
250.18,357.15
250.17,357.16
250.17,357.17
250.16,357.18
250.15,357.19
250.15,357.19
250.14,357.2
250.13,357.21
250.13,357.22
250.12,357.22
250.11,357.23
250.11,357.24
250.1,357.25
250.1,357.25
250.09,357.26
250.08,357.27
250.08,357.28
250.07,357.28
250.06,357.29
250.06,357.3
250.05,357.31
250.04,357.32
250.04,357.32
250.03,357.33
250.02,357.34
250.02,357.35
250.01,357.35
250,357.36
250,357.37
249.99,357.38
249.99,357.38
249.98,357.39
249.97,357.4
249.97,357.41
249.96,357.41
249.95,357.42
249.95,357.43
249.94,357.44
249.93,357.45
249.93,357.45
249.92,357.46
249.91,357.47
249.91,357.48
249.9,357.48
249.9,357.49
249.89,357.5
249.88,357.51
249.88,357.51
249.87,357.52
249.86,357.53
249.86,357.54
249.85,357.55
249.84,357.55
249.84,357.56
249.83,357.57
249.82,357.58
249.82,357.58
249.81,357.59
249.81,357.6
249.8,357.61
249.79,357.61
249.79,357.62
249.78,357.63
249.77,357.64
249.77,357.65
249.76,357.65
249.76,357.66
249.75,357.67
249.74,357.68
249.74,357.68
249.73,357.69
249.72,357.7
249.72,357.71
249.71,357.72
249.71,357.72
249.7,357.73
249.69,357.74
249.69,357.75
249.68,357.76
249.67,357.76
249.67,357.77
249.66,357.78
249.66,357.79
249.65,357.79
249.64,357.8
249.64,357.81
249.63,357.82
249.63,357.83
249.62,357.83
249.61,357.84
249.61,357.85
249.6,357.86
249.6,357.87
249.59,357.87
249.58,357.88
249.58,357.89
249.57,357.9
249.57,357.91
249.56,357.91
249.55,357.92
249.55,357.93
249.54,357.94
249.54,357.95
249.53,357.95
249.52,357.96
249.52,357.97
249.51,357.98
249.51,357.99
249.5,358
249.49,358
249.49,358.01
249.48,358.02
249.48,358.03
249.47,358.04
249.47,358.04
249.46,358.05
249.45,358.06
249.45,358.07
249.44,358.08
249.44,358.09
249.43,358.09
249.43,358.1
249.42,358.11
249.42,358.12
249.41,358.13
249.4,358.14
249.4,358.14
249.39,358.15
249.39,358.16
249.38,358.17
249.38,358.18
249.37,358.19
249.37,358.19
249.36,358.2
249.36,358.21
249.35,358.22
249.34,358.23
249.34,358.24
249.33,358.24
249.33,358.25
249.32,358.26
249.32,358.27
249.31,358.28
249.31,358.29
249.3,358.3
249.3,358.3
249.29,358.31
249.29,358.32
249.28,358.33
249.28,358.34
249.27,358.35
249.27,358.36
249.26,358.36
249.26,358.37
249.25,358.38
249.25,358.39
249.24,358.4
249.24,358.41
249.23,358.42
249.23,358.43
249.22,358.43
249.22,358.44
249.21,358.45
249.21,358.46
249.2,358.47
249.2,358.48
249.19,358.49
249.19,358.5
249.18,358.5
249.18,358.51
249.18,358.52
249.17,358.53
249.17,358.54
249.16,358.55
249.16,358.56
249.15,358.57
249.15,358.58
249.14,358.59
249.14,358.59
249.14,358.6
249.13,358.61
249.13,358.62
249.12,358.63
249.12,358.64
249.11,358.65
249.11,358.66
249.11,358.67
249.1,358.68
249.1,358.68
249.09,358.69
249.09,358.7
249.09,358.71
249.08,358.72
249.08,358.73
249.07,358.74
249.07,358.75
249.07,358.76
249.06,358.77
249.06,358.78
249.06,358.79
249.05,358.8
249.05,358.8
249.04,358.81
249.04,358.82
249.04,358.83
249.03,358.84
249.03,358.85
249.03,358.86
249.02,358.87
249.02,358.88
249.02,358.89
249.01,358.9
249.01,358.91
249.01,358.92
249,358.93
249,358.94
249,358.95
248.99,358.96
248.99,358.97
248.99,358.97
248.99,358.98
248.98,358.99
248.98,359
248.98,359.01
248.97,359.02
248.97,359.03
248.97,359.04
248.97,359.05
248.96,359.06
248.96,359.07
248.96,359.08
248.96,359.09
248.95,359.1
248.95,359.11
248.95,359.12
248.95,359.13
248.95,359.14
248.94,359.15
248.94,359.16
248.94,359.17
248.94,359.18
248.93,359.19
248.93,359.2
248.93,359.21
248.93,359.22
248.93,359.23
248.93,359.24
248.92,359.25
248.92,359.26
248.92,359.27
248.92,359.28
248.92,359.29
248.92,359.3
248.92,359.31
248.91,359.32
248.91,359.33
248.91,359.34
248.91,359.35
248.91,359.36
248.91,359.37
248.91,359.38
248.91,359.39
248.91,359.4
248.91,359.41
248.9,359.42
248.9,359.43
248.9,359.44
248.9,359.45
248.9,359.46
248.9,359.47
248.9,359.48
248.9,359.49
248.9,359.5
248.9,359.51
248.9,359.52
248.9,359.53
248.9,359.54
248.9,359.55
248.9,359.56
248.9,359.57
248.9,359.58
248.9,359.59
248.9,359.6
248.9,359.61
248.9,359.62
248.9,359.63
248.9,359.64
248.9,359.65
248.91,359.66
248.91,359.67
248.91,359.68
248.91,359.69
248.91,359.7
248.91,359.71
248.91,359.72
248.91,359.73
248.91,359.74
248.91,359.75
248.92,359.76
248.92,359.76
248.92,359.77
248.92,359.78
248.92,359.79
248.92,359.8
248.92,359.81
248.93,359.82
248.93,359.83
248.93,359.84
248.93,359.85
248.93,359.86
248.94,359.87
248.94,359.88
248.94,359.89
248.94,359.9
248.94,359.91
248.95,359.92
248.95,359.93
248.95,359.94
248.95,359.95
248.96,359.96
248.96,359.97
248.96,359.98
248.97,359.99
248.97,360
248.97,360.01
248.97,360.02
248.98,360.03
248.98,360.04
248.98,360.05
248.99,360.06
248.99,360.07
248.99,360.07
249,360.08
249,360.09
249,360.1
249.01,360.11
249.01,360.12
249.02,360.13
249.02,360.14
249.02,360.15
249.03,360.16
249.03,360.17
249.04,360.18
249.04,360.19
249.04,360.2
249.05,360.2
249.05,360.21
249.06,360.22
249.06,360.23
249.06,360.24
249.07,360.25
249.07,360.26
249.08,360.27
249.08,360.28
249.09,360.28
249.09,360.29
249.1,360.3
249.1,360.31
249.11,360.32
249.11,360.33
249.12,360.34
249.12,360.35
249.13,360.36
249.13,360.36
249.14,360.37
249.14,360.38
249.15,360.39
249.15,360.4
249.16,360.41
249.16,360.42
249.17,360.42
249.17,360.43
249.18,360.44
249.18,360.45
249.19,360.46
249.19,360.47
249.2,360.47
249.21,360.48
249.21,360.49
249.22,360.5
249.22,360.51
249.23,360.52
249.23,360.52
249.24,360.53
249.25,360.54
249.25,360.55
249.26,360.56
249.26,360.56
249.27,360.57
249.27,360.58
249.28,360.59
249.29,360.6
249.29,360.6
249.3,360.61
249.3,360.62
249.31,360.63
249.32,360.64
249.32,360.64
249.33,360.65
249.34,360.66
249.34,360.67
249.35,360.67
249.35,360.68
249.36,360.69
249.37,360.7
249.37,360.71
249.38,360.71
249.39,360.72
249.39,360.73
249.4,360.74
249.41,360.74
249.41,360.75
249.42,360.76
249.43,360.77
249.43,360.77
249.44,360.78
249.45,360.79
249.45,360.8
249.46,360.8
249.47,360.81
249.47,360.82
249.48,360.83
249.49,360.83
249.49,360.84
249.5,360.85
249.51,360.86
249.51,360.86
249.52,360.87
249.53,360.88
249.53,360.89
249.54,360.89
249.55,360.9
249.55,360.91
249.56,360.91
249.57,360.92
249.57,360.93
249.58,360.94
249.59,360.94
249.6,360.95
249.6,360.96
249.61,360.96
249.62,360.97
249.62,360.98
249.63,360.99
249.64,360.99
249.65,361
249.65,361.01
249.66,361.01
249.67,361.02
249.67,361.03
249.68,361.03
249.69,361.04
249.7,361.05
249.7,361.06
249.71,361.06
249.72,361.07
249.72,361.08
249.73,361.08
249.74,361.09
249.75,361.1
249.75,361.1
249.76,361.11
249.77,361.12
249.78,361.12
249.78,361.13
249.79,361.14
249.8,361.14
249.8,361.15
249.81,361.16
249.82,361.16
249.83,361.17
249.83,361.18
249.84,361.18
249.85,361.19
249.86,361.2
249.86,361.21
249.87,361.21
249.88,361.22
249.89,361.23
249.89,361.23
249.9,361.24
249.91,361.25
249.92,361.25
249.92,361.26
249.93,361.26
249.94,361.27
249.95,361.28
249.95,361.28
249.96,361.29
249.97,361.3
249.98,361.3
249.98,361.31
249.99,361.32
250,361.32
250.01,361.33
250.01,361.34
250.02,361.34
250.03,361.35
250.04,361.36
250.04,361.36
250.05,361.37
250.06,361.38
250.07,361.38
250.07,361.39
250.08,361.4
250.09,361.4
250.1,361.41
250.11,361.41
250.11,361.42
250.12,361.43
250.13,361.43
250.14,361.44
250.14,361.45
250.15,361.45
250.16,361.46
250.17,361.47
250.17,361.47
250.18,361.48
250.19,361.48
250.2,361.49
250.21,361.5
250.21,361.5
250.22,361.51
250.23,361.52
250.24,361.52
250.24,361.53
250.25,361.54
250.26,361.54
250.27,361.55
250.28,361.55
250.28,361.56
250.29,361.57
250.3,361.57
250.31,361.58
250.31,361.59
250.32,361.59
250.33,361.6
250.34,361.6
250.35,361.61
250.35,361.62
250.36,361.62
250.37,361.63
250.38,361.64
250.39,361.64
250.39,361.65
250.4,361.65
250.41,361.66
250.42,361.67
250.42,361.67
250.43,361.68
250.44,361.68
250.45,361.69
250.46,361.7
250.46,361.7
250.47,361.71
250.48,361.72
250.49,361.72
250.5,361.73
250.5,361.73
250.51,361.74
250.52,361.75
250.53,361.75
250.53,361.76
250.54,361.76
250.55,361.77
250.56,361.78
250.57,361.78
250.57,361.79
250.58,361.8
250.59,361.8
250.6,361.81
250.61,361.81
250.61,361.82
250.62,361.83
250.63,361.83
250.64,361.84
250.64,361.85
250.65,361.85
250.66,361.86
250.67,361.86
250.68,361.87
250.68,361.88
250.69,361.88
250.7,361.89
250.71,361.89
250.72,361.9
250.72,361.91
250.73,361.91
250.74,361.92
250.75,361.93
250.75,361.93
250.76,361.94
250.77,361.94
250.78,361.95
250.79,361.96
250.79,361.96
250.8,361.97
250.81,361.97
250.82,361.98
250.83,361.99
250.83,361.99
250.84,362
250.85,362.01
250.86,362.01
250.86,362.02
250.87,362.02
250.88,362.03
250.89,362.04
250.9,362.04
250.9,362.05
250.91,362.06
250.92,362.06
250.93,362.07
250.93,362.07
250.94,362.08
250.95,362.09
250.96,362.09
250.97,362.1
250.97,362.11
250.98,362.11
250.99,362.12
251,362.12
251,362.13
251.01,362.14
251.02,362.14
251.03,362.15
251.04,362.16
251.04,362.16
251.05,362.17
251.06,362.18
251.07,362.18
251.07,362.19
251.08,362.19
251.09,362.2
251.1,362.21
251.11,362.21
251.11,362.22
251.12,362.23
251.13,362.23
251.14,362.24
251.14,362.25
251.15,362.25
251.16,362.26
251.17,362.27
251.17,362.27
251.18,362.28
251.19,362.29
251.2,362.29
251.2,362.3
251.21,362.3
251.22,362.31
251.23,362.32
251.23,362.32
251.24,362.33
251.25,362.34
251.26,362.34
251.26,362.35
251.27,362.36
251.28,362.36
251.29,362.37
251.29,362.38
251.3,362.38
251.31,362.39
251.32,362.4
251.32,362.4
251.33,362.41
251.34,362.42
251.35,362.42
251.35,362.43
251.36,362.44
251.37,362.44
251.38,362.45
251.38,362.46
251.39,362.46
251.4,362.47
251.4,362.48
251.41,362.49
251.42,362.49
251.43,362.5
251.43,362.51
251.44,362.51
251.45,362.52
251.46,362.53
251.46,362.53
251.47,362.54
251.48,362.55
251.48,362.55
251.49,362.56
251.5,362.57
251.51,362.58
251.51,362.58
251.52,362.59
251.53,362.6
251.53,362.6
251.54,362.61
251.55,362.62
251.56,362.63
251.56,362.63
251.57,362.64
251.58,362.65
251.58,362.65
251.59,362.66
251.6,362.67
251.6,362.68
251.61,362.68
251.62,362.69
251.62,362.7
251.63,362.7
251.64,362.71
251.65,362.72
251.65,362.73
251.66,362.73
251.67,362.74
251.67,362.75
251.68,362.76
251.69,362.76
251.69,362.77
251.7,362.78
251.71,362.79
251.71,362.79
251.72,362.8
251.73,362.81
251.73,362.82
251.74,362.82
251.75,362.83
251.75,362.84
251.76,362.85
251.76,362.85
251.77,362.86
251.78,362.87
251.78,362.88
251.79,362.88
251.8,362.89
251.8,362.9
251.81,362.91
251.82,362.92
251.82,362.92
251.83,362.93
251.83,362.94
251.84,362.95
251.85,362.96
251.85,362.96
251.86,362.97
251.86,362.98
251.87,362.99
251.88,362.99
251.88,363
251.89,363.01
251.89,363.02
251.9,363.03
251.91,363.04
251.91,363.04
251.92,363.05
251.92,363.06
251.93,363.07
251.93,363.08
251.94,363.08
251.95,363.09
251.95,363.1
251.96,363.11
251.96,363.12
251.97,363.13
251.97,363.13
251.98,363.14
251.98,363.15
251.99,363.16
251.99,363.17
252,363.18
252,363.19
252.01,363.19
252.02,363.2
252.02,363.21
252.03,363.22
252.03,363.23
252.04,363.24
252.04,363.25
252.05,363.25
252.05,363.26
252.06,363.27
252.06,363.28
252.06,363.29
252.07,363.3
252.07,363.31
252.08,363.32
252.08,363.32
252.09,363.33
252.09,363.34
252.1,363.35
252.1,363.36
252.11,363.37
252.11,363.38
252.11,363.39
252.12,363.4
252.12,363.41
252.13,363.41
252.13,363.42
252.14,363.43
252.14,363.44
252.14,363.45
252.15,363.46
252.15,363.47
252.15,363.48
252.16,363.49
252.16,363.5
252.17,363.51
252.17,363.52
252.17,363.53
252.18,363.53
252.18,363.54
252.18,363.55
252.19,363.56
252.19,363.57
252.19,363.58
252.2,363.59
252.2,363.6
252.2,363.61
252.21,363.62
252.21,363.63
252.21,363.64
252.22,363.65
252.22,363.66
252.22,363.67
252.22,363.68
252.23,363.69
252.23,363.7
252.23,363.71
252.24,363.72
252.24,363.73
252.24,363.73
252.24,363.74
252.25,363.75
252.25,363.76
252.25,363.77
252.25,363.78
252.25,363.79
252.26,363.8
252.26,363.81
252.26,363.82
252.26,363.83
252.26,363.84
252.27,363.85
252.27,363.86
252.27,363.87
252.27,363.88
252.27,363.89
252.27,363.9
252.28,363.91
252.28,363.92
252.28,363.93
252.28,363.94
252.28,363.95
252.28,363.96
252.28,363.97
252.29,363.98
252.29,363.99
252.29,364
252.29,364.01
252.29,364.02
252.29,364.03
252.29,364.04
252.29,364.05
252.29,364.06
252.29,364.07
252.3,364.08
252.3,364.09
252.3,364.1
252.3,364.11
252.3,364.12
252.3,364.13
252.3,364.14
252.3,364.15
252.3,364.16
252.3,364.17
252.3,364.18
252.3,364.19
252.3,364.2
252.3,364.21
252.3,364.22
252.3,364.23
252.3,364.24
252.3,364.25
252.3,364.26
252.3,364.27
252.3,364.28
252.3,364.29
252.3,364.3
252.3,364.31
252.3,364.32
252.3,364.33
252.3,364.34
252.3,364.35
252.3,364.36
252.3,364.37
252.29,364.38
252.29,364.39
252.29,364.4
252.29,364.41
252.29,364.42
252.29,364.43
252.29,364.44
252.29,364.45
252.29,364.46
252.29,364.47
252.29,364.48
252.28,364.49
252.28,364.5
252.28,364.51
252.28,364.52
252.28,364.53
252.28,364.54
252.28,364.55
252.28,364.56
252.27,364.57
252.27,364.58
252.27,364.59
252.27,364.6
252.27,364.61
252.27,364.62
252.27,364.63
252.26,364.64
252.26,364.65
252.26,364.66
252.26,364.67
252.26,364.68
252.26,364.69
252.25,364.7
252.25,364.71
252.25,364.72
252.25,364.73
252.25,364.74
252.24,364.75
252.24,364.76
252.24,364.77
252.24,364.78
252.24,364.79
252.23,364.79
252.23,364.8
252.23,364.81
252.23,364.82
252.23,364.83
252.22,364.84
252.22,364.85
252.22,364.86
252.22,364.87
252.21,364.88
252.21,364.89
252.21,364.9
252.21,364.91
252.2,364.92
252.2,364.93
252.2,364.94
252.2,364.95
252.19,364.96
252.19,364.97
252.19,364.98
252.19,364.99
252.18,365
252.18,365.01
252.18,365.02
252.18,365.03
252.17,365.04
252.17,365.05
252.17,365.06
252.16,365.07
252.16,365.08
252.16,365.09
252.16,365.1
252.15,365.1
252.15,365.11
252.15,365.12
252.14,365.13
252.14,365.14
252.14,365.15
252.14,365.16
252.13,365.17
252.13,365.18
252.13,365.19
252.12,365.2
252.12,365.21
252.12,365.22
252.11,365.23
252.11,365.24
252.11,365.25
252.11,365.26
252.1,365.27
252.1,365.28
252.1,365.29
252.09,365.3
252.09,365.3
252.09,365.31
252.08,365.32
252.08,365.33
252.08,365.34
252.07,365.35
252.07,365.36
252.07,365.37
252.06,365.38
252.06,365.39
252.06,365.4
252.05,365.41
252.05,365.42
252.05,365.43
252.04,365.44
252.04,365.45
252.04,365.46
252.03,365.46
252.03,365.47
252.03,365.48
252.02,365.49
252.02,365.5
252.01,365.51
252.01,365.52
252.01,365.53
252,365.54
252,365.55
252,365.56
251.99,365.57
251.99,365.58
251.99,365.59
251.98,365.6
251.98,365.6
251.98,365.61
251.97,365.62
251.97,365.63
251.96,365.64
251.96,365.65
251.96,365.66
251.95,365.67
251.95,365.68
251.95,365.69
251.94,365.7
251.94,365.71
251.93,365.72
251.93,365.73
251.93,365.73
251.92,365.74
251.92,365.75
251.91,365.76
251.91,365.77
251.91,365.78
251.9,365.79
251.9,365.8
251.9,365.81
251.89,365.82
251.89,365.83
251.88,365.84
251.88,365.85
251.88,365.85
251.87,365.86
251.87,365.87
251.86,365.88
251.86,365.89
251.86,365.9
251.85,365.91
251.85,365.92
251.84,365.93
251.84,365.94
251.84,365.95
251.83,365.96
251.83,365.96
251.82,365.97
251.82,365.98
251.82,365.99
251.81,366
251.81,366.01
251.8,366.02
251.8,366.03
251.79,366.04
251.79,366.05
251.79,366.06
251.78,366.06
251.78,366.07
251.77,366.08
251.77,366.09
251.77,366.1
251.76,366.11
251.76,366.12
251.75,366.13
251.75,366.14
251.74,366.15
251.74,366.16
251.74,366.16
251.73,366.17
251.73,366.18
251.72,366.19
251.72,366.2
251.71,366.21
251.71,366.22
251.71,366.23
251.7,366.24
251.7,366.25
251.69,366.25
251.69,366.26
251.68,366.27
251.68,366.28
251.67,366.29
251.67,366.3
251.67,366.31
251.66,366.32
251.66,366.33
251.65,366.33
251.65,366.34
251.64,366.35
251.64,366.36
251.63,366.37
251.63,366.38
251.63,366.39
251.62,366.4
251.62,366.41
251.61,366.42
251.61,366.42
251.6,366.43
251.6,366.44
251.59,366.45
251.59,366.46
251.58,366.47
251.58,366.48
251.58,366.49
251.57,366.5
251.57,366.5
251.56,366.51
251.56,366.52
251.55,366.53
251.55,366.54
251.54,366.55
251.54,366.56
251.53,366.57
251.53,366.58
251.52,366.58
251.52,366.59
251.52,366.6
251.51,366.61
251.51,366.62
251.5,366.63
251.5,366.64
251.49,366.65
251.49,366.65
251.48,366.66
251.48,366.67
251.47,366.68
251.47,366.69
251.46,366.7
251.46,366.71
251.45,366.72
251.45,366.72
251.44,366.73
251.44,366.74
251.43,366.75
251.43,366.76
251.42,366.77
251.42,366.78
251.42,366.79
251.41,366.8
251.41,366.8
251.4,366.81
251.4,366.82
251.39,366.83
251.39,366.84
251.38,366.85
251.38,366.86
251.37,366.87
251.37,366.87
251.36,366.88
251.36,366.89
251.35,366.9
251.35,366.91
251.34,366.92
251.34,366.93
251.33,366.93
251.33,366.94
251.32,366.95
251.32,366.96
251.31,366.97
251.31,366.98
251.3,366.99
251.3,367
251.29,367
251.29,367.01
251.28,367.02
251.28,367.03
251.27,367.04
251.27,367.05
251.26,367.06
251.26,367.06
251.25,367.07
251.25,367.08
251.24,367.09
251.24,367.1
251.23,367.11
251.23,367.12
251.22,367.13
251.22,367.13
251.21,367.14
251.21,367.15
251.2,367.16
251.2,367.17
251.19,367.18
251.19,367.19
251.18,367.19
251.18,367.2
251.17,367.21
251.17,367.22
251.16,367.23
251.16,367.24
251.15,367.25
251.15,367.25
251.14,367.26
251.14,367.27
251.13,367.28
251.12,367.29
251.12,367.3
251.11,367.31
251.11,367.31
251.1,367.32
251.1,367.33
251.09,367.34
251.09,367.35
251.08,367.36
251.08,367.37
251.07,367.37
251.07,367.38
251.06,367.39
251.06,367.4
251.05,367.41
251.05,367.42
251.04,367.43
251.04,367.43
251.03,367.44
251.03,367.45
251.02,367.46
251.02,367.47
251.01,367.48
251,367.48
251,367.49
250.99,367.5
250.99,367.51
250.98,367.52
250.98,367.53
250.97,367.54
250.97,367.54
250.96,367.55
250.96,367.56
250.95,367.57
250.95,367.58
250.94,367.59
250.94,367.59
250.93,367.6
250.93,367.61
250.92,367.62
250.91,367.63
250.91,367.64
250.9,367.65
250.9,367.65
250.89,367.66
250.89,367.67
250.88,367.68
250.88,367.69
250.87,367.7
250.87,367.7
250.86,367.71
250.86,367.72
250.85,367.73
250.85,367.74
250.84,367.75
250.83,367.76
250.83,367.76
250.82,367.77
250.82,367.78
250.81,367.79
250.81,367.8
250.8,367.81
250.8,367.81
250.79,367.82
250.79,367.83
250.78,367.84
250.78,367.85
250.77,367.86
250.76,367.87
250.76,367.87
250.75,367.88
250.75,367.89
250.74,367.9
250.74,367.91
250.73,367.92
250.73,367.92
250.72,367.93
250.72,367.94
250.71,367.95
250.7,367.96
250.7,367.97
250.69,367.97
250.69,367.98
250.68,367.99
250.68,368
250.67,368.01
250.67,368.02
250.66,368.03
250.66,368.03
250.65,368.04
250.65,368.05
250.64,368.06
250.63,368.07
250.63,368.08
250.62,368.08
250.62,368.09
250.61,368.1
250.61,368.11
250.6,368.12
250.6,368.13
250.59,368.13
250.59,368.14
250.58,368.15
250.58,368.16
250.57,368.17
250.56,368.18
250.56,368.19
250.55,368.19
250.55,368.2
250.54,368.21
250.54,368.22
250.53,368.23
250.53,368.24
250.52,368.24
250.52,368.25
250.51,368.26
250.51,368.27
250.5,368.28
250.5,368.29
250.49,368.29
250.48,368.3
250.48,368.31
250.47,368.32
250.47,368.33
250.46,368.34
250.46,368.35
250.45,368.35
250.45,368.36
250.44,368.37
250.44,368.38
250.43,368.39
250.43,368.4
250.42,368.41
250.42,368.41
250.41,368.42
250.41,368.43
250.4,368.44
250.39,368.45
250.39,368.46
250.38,368.46
250.38,368.47
250.37,368.48
250.37,368.49
250.36,368.5
250.36,368.51
250.35,368.52
250.35,368.52
250.34,368.53
250.34,368.54
250.33,368.55
250.33,368.56
250.32,368.57
250.32,368.57
250.31,368.58
250.3,368.59
250.3,368.6
250.29,368.61
250.29,368.62
250.28,368.63
250.28,368.63
250.27,368.64
250.27,368.65
250.26,368.66
250.26,368.67
250.25,368.68
250.25,368.69
250.24,368.69
250.24,368.7
250.23,368.71
250.23,368.72
250.22,368.73
250.21,368.74
250.21,368.74
250.2,368.75
250.2,368.76
250.19,368.77
250.19,368.78
250.18,368.79
250.18,368.8
250.17,368.8
250.17,368.81
250.16,368.82
250.16,368.83
250.15,368.84
250.15,368.85
250.14,368.86
250.14,368.86
250.13,368.87
250.12,368.88
250.12,368.89
250.11,368.9
250.11,368.91
250.1,368.91
250.1,368.92
250.09,368.93
250.09,368.94
250.08,368.95
250.08,368.96
250.07,368.97
250.07,368.97
250.06,368.98
250.06,368.99
250.05,369
250.04,369.01
250.04,369.02
250.03,369.02
250.03,369.03
250.02,369.04
250.02,369.05
250.01,369.06
250.01,369.07
250,369.07
250,369.08
249.99,369.09
249.99,369.1
249.98,369.11
249.97,369.12
249.97,369.13
249.96,369.13
249.96,369.14
249.95,369.15
249.95,369.16
249.94,369.17
249.94,369.18
249.93,369.18
249.93,369.19
249.92,369.2
249.91,369.21
249.91,369.22
249.9,369.23
249.9,369.23
249.89,369.24
249.89,369.25
249.88,369.26
249.88,369.27
249.87,369.28
249.87,369.28
249.86,369.29
249.85,369.3
249.85,369.31
249.84,369.32
249.84,369.33
249.83,369.33
249.83,369.34
249.82,369.35
249.81,369.36
249.81,369.37
249.8,369.38
249.8,369.38
249.79,369.39
249.79,369.4
249.78,369.41
249.78,369.42
249.77,369.42
249.76,369.43
249.76,369.44
249.75,369.45
249.75,369.46
249.74,369.47
249.74,369.47
249.73,369.48
249.72,369.49
249.72,369.5
249.71,369.51
249.71,369.51
249.7,369.52
249.7,369.53
249.69,369.54
249.68,369.55
249.68,369.56
249.67,369.56
249.67,369.57
249.66,369.58
249.65,369.59
249.65,369.6
249.64,369.6
249.64,369.61
249.63,369.62
249.63,369.63
249.62,369.64
249.61,369.65
249.61,369.65
249.6,369.66
249.6,369.67
249.59,369.68
249.58,369.69
249.58,369.69
249.57,369.7
249.57,369.71
249.56,369.72
249.55,369.73
249.55,369.73
249.54,369.74
249.54,369.75
249.53,369.76
249.52,369.77
249.52,369.77
249.51,369.78
249.51,369.79
249.5,369.8
249.5,369.81
249.49,369.81
249.48,369.82
249.48,369.83
249.47,369.84
249.47,369.85
249.46,369.85
249.45,369.86
249.45,369.87
249.44,369.88
249.44,369.89
249.43,369.89
249.42,369.9
249.42,369.91
249.41,369.92
249.41,369.93
249.4,369.93
249.39,369.94
249.39,369.95
249.38,369.96
249.38,369.97
249.37,369.97
249.36,369.98
249.36,369.99
249.35,370
249.35,370.01
249.34,370.01
249.33,370.02
249.33,370.03
249.32,370.04
249.31,370.05
249.31,370.05
249.3,370.06
249.3,370.07
249.29,370.08
249.28,370.09
249.28,370.09
249.27,370.1
249.27,370.11
249.26,370.12
249.25,370.13
249.25,370.13
249.24,370.14
249.24,370.15
249.23,370.16
249.22,370.17
249.22,370.17
249.21,370.18
249.21,370.19
249.2,370.2
249.19,370.21
249.19,370.21
249.18,370.22
249.18,370.23
249.17,370.24
249.16,370.24
249.16,370.25
249.15,370.26
249.14,370.27
249.14,370.28
249.13,370.28
249.13,370.29
249.12,370.3
249.11,370.31
249.11,370.32
249.1,370.32
249.1,370.33
249.09,370.34
249.08,370.35
249.08,370.36
249.07,370.36
249.07,370.37
249.06,370.38
249.05,370.39
249.05,370.4
249.04,370.4
249.04,370.41
249.03,370.42
249.02,370.43
249.02,370.44
249.01,370.44
249.01,370.45
249,370.46
248.99,370.47
248.99,370.48
248.98,370.48
248.97,370.49
248.97,370.5
248.96,370.51
248.96,370.51
248.95,370.52
248.94,370.53
248.94,370.54
248.93,370.55
248.93,370.55
248.92,370.56
248.91,370.57
248.91,370.58
248.9,370.59
248.9,370.59
248.89,370.6
248.88,370.61
248.88,370.62
248.87,370.63
248.87,370.63
248.86,370.64
248.85,370.65
248.85,370.66
248.84,370.67
248.84,370.67
248.83,370.68
248.82,370.69
248.82,370.7
248.81,370.71
248.81,370.71
248.8,370.72
248.79,370.73
248.79,370.74
248.78,370.75
248.78,370.75
248.77,370.76
248.76,370.77
248.76,370.78
248.75,370.79
248.75,370.79
248.74,370.8
248.73,370.81
248.73,370.82
248.72,370.83
248.72,370.84
248.71,370.84
248.71,370.85
248.7,370.86
248.69,370.87
248.69,370.88
248.68,370.88
248.68,370.89
248.67,370.9
248.66,370.91
248.66,370.92
248.65,370.92
248.65,370.93
248.64,370.94
248.63,370.95
248.63,370.96
248.62,370.96
248.62,370.97
248.61,370.98
248.61,370.99
248.6,371
248.59,371.01
248.59,371.01
248.58,371.02
248.58,371.03
248.57,371.04
248.57,371.05
248.56,371.05
248.55,371.06
248.55,371.07
248.54,371.08
248.54,371.09
248.53,371.1
248.52,371.1
248.52,371.11
248.51,371.12
248.51,371.13
248.5,371.14